Country.Name,Region,Final Cluster,Idealpoint,me,nu,di,hr,co,ec,ps,af,sc,sp,un,int,bu,pc
Australia,ANZ,C1,1.449778996,0.062211192,0.036983959,0.065897934,0.028828572,0.036307519,0.025455325,0.07077656,0.003732037,0.007014105,0.00979752,0.015856627,0.010824817,0.012838583,0.017119625
Austria,W.EU,C1,0.986815363,0.125690783,0.075078482,0.104055576,0.068852527,0.085414116,0.043002768,0.085255368,0.008099075,0.003030748,0.014388577,0.021344548,0.013198705,0.017281702,0.016959937
Belgium,W.EU,C1,1.644296821,0.097833003,0.019808811,0.048073873,0.029431714,0.018153954,0.018887144,0.062027453,-0.003078252,0.003623834,0.007037643,0.013020506,0.006631656,0.010702751,0.008270928
Canada,N.AM,C1,1.553902791,0.051622312,0.033712153,0.059274223,0.033784602,0.038536474,0.01778615,0.072970279,0.00143019,0.004185952,0.010749685,0.014243338,0.008466221,0.012304157,0.010986127
Denmark,N.EU,C1,1.254816193,0.093445105,0.036025693,0.067726973,0.052350373,0.070249581,0.028364423,0.081869641,0.00828782,0.00731597,0.01331731,0.016531315,0.010755149,0.014435084,0.012503958
Finland,N.EU,C1,0.921852323,0.121272495,0.07238786,0.103185357,0.064074164,0.081193529,0.039453227,0.075738404,0.007450771,0.003521273,0.013057344,0.021747874,0.01400585,0.018189155,0.015738206
France,W.EU,C1,1.635624907,0.104256219,-0.024450299,0.010421615,0.033284588,0.004312439,0.017134121,0.063926943,-0.003257011,0.003165335,0.006412075,0.010737506,0.006865809,0.008407713,0.004237293
Greece,S.EU,C1,0.940376381,0.138648743,0.042717437,0.069803854,0.077703064,0.110917863,0.043649972,0.095550417,0.008935084,0.006384241,0.01564487,0.018502886,0.018613173,0.01382003,0.016130616
Iceland,N.EU,C1,1.181885869,0.094142128,0.042231628,0.071234444,0.059769867,0.08127307,0.0359883,0.093823931,0.008824764,0.006612426,0.012816122,0.016300997,0.011918428,0.014770529,0.013698095
Ireland,N.EU,C1,1.012139877,0.114331142,0.076810363,0.107078957,0.068966302,0.095665383,0.036383127,0.081754718,0.008319423,0.004357818,0.013226541,0.019805552,0.012058784,0.01647246,0.014385385
Israel,W.AS,C1,1.749614289,-0.156791003,0.001155722,0.018942553,-0.010016165,-0.026527332,-0.005063152,0.071811993,0.009639671,0.004281522,0.011714267,0.011517358,0.007998942,0.010219228,0.008660603
Italy,S.EU,C1,1.405638291,0.113820192,0.02480786,0.058200989,0.052109383,0.055159966,0.031783378,0.071620038,0.001569441,0.000951083,0.01036946,0.016161783,0.007067203,0.011650415,0.012129389
Japan,E.AS,C1,0.983120132,0.130781268,0.073435425,0.09476948,0.062879722,0.093300659,0.031095083,0.080367902,0.006547297,0.00255522,0.013277136,0.017061411,0.006565747,0.013144892,0.017696014
Luxembourg,W.EU,C1,1.602633985,0.097622583,0.019769006,0.050509993,0.032495238,0.026018653,0.024431342,0.070780386,-0.002332617,0.002962759,0.008685777,0.013890641,0.007393014,0.010657401,0.010327394
Netherlands,W.EU,C1,1.590753925,0.093054586,0.023937526,0.052280783,0.034808126,0.032938091,0.024643473,0.076572696,0.001695372,0.003864068,0.01015238,0.015307713,0.009101468,0.012232492,0.01122843
New Zealand,ANZ,C1,1.23082374,0.099276356,0.058752126,0.083162631,0.052300859,0.060145311,0.031684918,0.07992904,0.005681169,0.007602697,0.011342866,0.016592864,0.010515678,0.014815615,0.016188502
Norway,N.EU,C1,1.18961819,0.092489607,0.037645888,0.067639579,0.056046132,0.072907667,0.033646217,0.085259266,0.009630269,0.00802193,0.011919281,0.017287196,0.011964292,0.015376053,0.011540368
Portugal,S.EU,C1,1.349226174,0.125009289,0.028862947,0.060500487,0.043621728,0.029041699,0.034243196,0.04304953,-0.006722667,-0.001831989,0.002267669,0.019798978,0.008629525,0.009720146,0.011342895
South Africa,S.AF,C1,1.177537234,0.117104555,0.068425363,0.08851633,0.043168874,-0.016658997,0.03649421,0.039285311,-0.025718739,0.00287918,-0.001219401,0.025592575,0.005618381,0.004112323,0.011293171
Spain,S.EU,C1,1.034585638,0.149540232,0.035857489,0.072548238,0.075618954,0.086901898,0.043291692,0.084597231,0.007666568,0.003894315,0.011906826,0.020290352,0.013706578,0.014945727,0.015676742
Sweden,N.EU,C1,1.05041856,0.10272488,0.063712214,0.088849951,0.055937349,0.075523395,0.03451212,0.085202399,0.011145953,0.008244024,0.014513575,0.017830222,0.013268854,0.014781575,0.014223223
United Kingdom,N.EU,C1,1.949509418,0.091107328,-0.009666943,0.021624811,0.016900134,-0.020210221,0.009145511,0.065034965,-0.005116952,0.002753105,0.006195855,0.008933604,0.003863071,0.009746663,0.006600543
United States of America,N.AM,C1,2.324364119,-0.105269639,-0.034459923,-0.018193119,-0.03478473,-0.058020638,-0.035231761,0.045653959,-0.002108099,0.001127771,0.00643932,0.003665806,-0.000707302,0.00575176,-0.000595729
Algeria,N.AF,C2,-1.062969024,0.209317149,0.128359507,0.149136946,0.143623919,0.167976339,0.082405839,0.092512076,0.020276669,0.008044196,0.015675161,0.02816482,0.029473011,0.019594982,0.022627913
Benin,W.AF,C2,-0.416098538,0.186590125,0.128020684,0.155707461,0.155343131,0.168213685,0.079472361,0.099103754,0.020135144,0.009013794,0.017391109,0.025187509,0.026556388,0.017898135,0.023888364
Burkina Faso,W.AF,C2,-0.400627526,0.190367691,0.140412079,0.167538874,0.137878026,0.159895173,0.078786401,0.103439955,0.020694287,0.009723954,0.018697887,0.02721316,0.025359063,0.01951732,0.021682172
Burundi,E.AF,C2,-0.517577375,0.179306269,0.131458374,0.15733888,0.164106757,0.169540833,0.090994467,0.101266286,0.020839221,0.008469838,0.015553378,0.027521283,0.028793856,0.020578196,0.024297699
Cambodia,SEA,C2,-0.380553558,0.176042848,0.112193127,0.139933703,0.140407729,0.164626222,0.074200388,0.115277558,0.033811769,0.008572732,0.018197011,0.024137002,0.021503796,0.014379589,0.019367509
Cameroon,M.AF,C2,-0.159960587,0.127963901,0.134731553,0.167896904,0.126990995,0.14521683,0.076254065,0.095819283,0.019498095,0.009447812,0.016432638,0.029040182,0.025990004,0.019810893,0.023940245
Central African Republic,M.AF,C2,-0.02207547,0.141744594,0.113200779,0.135104158,0.14803639,0.14766421,0.077028549,0.125778438,0.02399839,0.010124266,0.020954532,0.027882922,0.029280939,0.021482118,0.026442342
Chad,M.AF,C2,-0.396572332,0.178024619,0.113568116,0.134051254,0.15215016,0.152381086,0.125441185,0.110621944,0.020555604,0.00928131,0.01943308,0.03095015,0.029258876,0.020115358,0.02262831
Congo,M.AF,C2,-0.676545782,0.171533801,0.136242463,0.163459149,0.148484245,0.160220545,0.080107316,0.089772006,0.018303554,0.008884862,0.013256014,0.024286801,0.026200258,0.017799526,0.026107237
Cyprus,W.AS,C2,0.075096866,0.197224822,0.099788628,0.126347798,0.113001553,0.154238749,0.068374457,0.108441315,0.020726461,0.008679351,0.019064283,0.027674142,0.025184049,0.020122764,0.023141264
Democratic Republic of the Congo,M.AF,C2,-0.208113608,0.119072183,0.121165654,0.146059043,0.142768626,0.128050473,0.107654906,0.101132771,0.022904286,0.00917535,0.016930393,0.025011042,0.025868749,0.020005135,0.020978022
Gabon,M.AF,C2,-0.189617074,0.189435716,0.131828784,0.158999439,0.155788952,0.149064074,0.076751466,0.094744742,0.020824901,0.009024529,0.018084843,0.025095858,0.025379496,0.019620448,0.024005906
Ghana,W.AF,C2,-0.470587592,0.174078227,0.13822126,0.162498273,0.137364732,0.159780598,0.076149137,0.117369876,0.021388221,0.008045863,0.01897559,0.026773879,0.026152959,0.018953982,0.021856486
Guinea,W.AF,C2,-0.811917027,0.195029638,0.130787478,0.154498654,0.140809411,0.176074517,0.076439672,0.092844763,0.021113318,0.008659137,0.014987615,0.024631911,0.027735927,0.019473053,0.020315333
Indonesia,SEA,C2,-0.70695088,0.177292739,0.119203027,0.137054506,0.124119964,0.164681062,0.071766005,0.117649225,0.0224049,0.009950183,0.020240801,0.024094814,0.025890581,0.016892165,0.021527601
Ivory Coast,W.AF,C2,0.074411704,0.141940705,0.132050837,0.163248449,0.122471064,0.139102441,0.067767245,0.094188375,0.01890776,0.006969898,0.015801214,0.02631523,0.022792725,0.019852898,0.025587282
Jamaica,CAR,C2,-0.084644197,0.182279352,0.140685761,0.169295585,0.154077947,0.159324536,0.082481411,0.102701393,0.02131709,0.007658746,0.016043761,0.028622881,0.026465994,0.019863519,0.02365742
Jordan,W.AS,C2,-0.553723974,0.19279189,0.134012816,0.155687388,0.136972628,0.160122849,0.074211419,0.103578862,0.021758113,0.007575778,0.018275624,0.024585097,0.022391047,0.017799258,0.021165502
Kenya,E.AF,C2,-0.340183695,0.183108631,0.139837971,0.170551537,0.155701102,0.171181262,0.092541612,0.089788426,0.020537532,0.007792835,0.014375741,0.030238065,0.027470024,0.021207068,0.023173182
Kuwait,W.AS,C2,-0.663183658,0.221346064,0.145851529,0.168351947,0.154135824,0.170641195,0.078843164,0.095884871,0.02017664,0.008144721,0.015966004,0.030867465,0.029273801,0.019086688,0.024922958
Laos,SEA,C2,-0.597619137,0.193967108,0.127906814,0.139346798,0.132537529,0.15809811,0.076353644,0.111580402,0.022656056,0.008868211,0.015657338,0.020993768,0.02260937,0.016602856,0.023350503
Libya,N.AF,C2,-1.032015472,0.188501206,0.135173365,0.148656861,0.12917464,0.166564729,0.076023693,0.108237675,0.022064375,0.008006634,0.016774197,0.023509509,0.02438015,0.018369415,0.022067222
Madagascar,E.AF,C2,-0.386241996,0.16309918,0.144753137,0.175030596,0.14230157,0.157889596,0.086500383,0.101011593,0.020476356,0.009052875,0.017711403,0.02927631,0.026719385,0.019555947,0.021864037
Malaysia,SEA,C2,-0.337789106,0.192274701,0.137012589,0.159240107,0.127195131,0.159129498,0.077231965,0.113488954,0.024197358,0.007855801,0.018955206,0.027163248,0.026562901,0.018844973,0.025194097
Mali,W.AF,C2,-0.77218577,0.201058717,0.137123247,0.166175767,0.148462164,0.169685718,0.078444788,0.094933689,0.021928245,0.00880189,0.016306838,0.026900636,0.028089886,0.019390653,0.020933077
Mauritania,W.AF,C2,-0.682962436,0.215829522,0.127661664,0.151702462,0.152477151,0.173400564,0.07756591,0.097626889,0.019898233,0.008205658,0.017009901,0.027894608,0.027810952,0.020742488,0.021180368
Mauritius,E.AF,C2,-0.228625666,0.217888972,0.133423915,0.168336675,0.182604981,0.149264668,0.07822043,0.107402353,0.036360973,0.017424372,0.010758909,0.032678333,0.028985324,0.020992404,0.024924145
Morocco,N.AF,C2,-0.522542301,0.197962754,0.13315427,0.150875007,0.142688242,0.161277129,0.070542654,0.100983637,0.020778432,0.007237826,0.017415472,0.027286431,0.027177738,0.019088193,0.020064775
Nepal,S.AS,C2,-0.275401786,0.175772723,0.13249538,0.156110727,0.137378327,0.158248025,0.071822434,0.113081258,0.022204226,0.007475376,0.019368201,0.026300456,0.0280704,0.018016021,0.022713305
Niger,W.AF,C2,-0.355301493,0.19776447,0.137897998,0.1646315,0.131864943,0.180657923,0.077621032,0.109306811,0.022000575,0.009372514,0.021555245,0.028830635,0.028200559,0.022756424,0.024878506
Nigeria,W.AF,C2,-0.528035092,0.194254226,0.141889267,0.168620391,0.137285745,0.16478807,0.079623648,0.107872886,0.020979355,0.008987327,0.016178073,0.027068146,0.027936863,0.019716989,0.024318111
Rwanda,E.AF,C2,-0.181303452,0.119871054,0.136469262,0.176607526,0.182296687,0.125550875,0.093914679,0.101124775,0.02072884,0.010727088,0.019145496,0.029319364,0.030721058,0.021133519,0.024467092
Senegal,W.AF,C2,-0.358981562,0.207796084,0.136798115,0.168067611,0.152733717,0.16542293,0.077008296,0.100103516,0.020211541,0.009351303,0.018008587,0.029430208,0.026781781,0.02020009,0.024035781
Sierra Leone,W.AF,C2,-0.351745316,0.183273605,0.139274819,0.171875254,0.154742964,0.159391815,0.080933577,0.103176166,0.021532936,0.008797119,0.017093651,0.026352847,0.025804336,0.021197775,0.023229269
Singapore,SEA,C2,-0.140867605,0.204493749,0.135875657,0.165802211,0.140209586,0.163401515,0.076581978,0.091900749,0.019022701,0.00706805,0.014271731,0.03023702,0.028439187,0.020130995,0.024807121
Somalia,E.AF,C2,-0.616206947,0.190721819,0.122516443,0.137661894,0.152825279,0.17042479,0.07812686,0.124201717,0.026533669,0.011176516,0.020457529,0.029596311,0.031174819,0.026647478,0.022019333
Sri Lanka,S.AS,C2,-0.552760598,0.187099382,0.133285117,0.153547762,0.131518318,0.160537111,0.074701224,0.104901874,0.021618179,0.008106359,0.017837257,0.025021324,0.026832687,0.019076959,0.023091979
Sudan,N.AF,C2,-0.979959267,0.192438127,0.132932864,0.15415716,0.122559744,0.165057956,0.072534718,0.102811145,0.021621096,0.007438144,0.018673023,0.025725479,0.025627952,0.019004097,0.020790251
Tanzania,E.AF,C2,-0.736473967,0.195708151,0.136931955,0.164396124,0.145787391,0.175697723,0.07949211,0.095994346,0.020270304,0.00760906,0.016245102,0.028932294,0.029058865,0.020714788,0.023791912
Togo,W.AF,C2,-0.300097049,0.184793863,0.139073943,0.167518229,0.140853883,0.161468975,0.078385604,0.107100606,0.020395251,0.009025595,0.017897462,0.028409976,0.027365306,0.019750404,0.025218557
Trinidad and Tobago,CAR,C2,-0.199333881,0.193918366,0.141165759,0.17114099,0.151239598,0.163851474,0.081131455,0.110866367,0.020572548,0.008421367,0.0199998,0.030091781,0.028924879,0.022426563,0.02423269
Tunisia,N.AF,C2,-0.519561924,0.195124609,0.134643855,0.154885243,0.144555784,0.167475891,0.0773007,0.114123151,0.022448354,0.008432371,0.020277416,0.026750668,0.027344628,0.018454833,0.025058202
Uganda,E.AF,C2,-0.631256359,0.182906966,0.135353627,0.167273327,0.1459209,0.162401058,0.084934842,0.098459031,0.019347759,0.007137177,0.014186483,0.026900248,0.02756757,0.02063961,0.022010612
Zambia,E.AF,C2,-0.568313258,0.208598963,0.137886472,0.169286518,0.158058829,0.169953586,0.08246142,0.093649887,0.020158853,0.007703829,0.014490781,0.031159826,0.029009524,0.021739582,0.02409063
Afghanistan,S.AS,C3,-0.762547575,0.161614755,0.109829342,0.130275047,0.130118001,0.161168766,0.067731732,0.107195739,0.023578665,0.012195295,0.01756179,0.015639331,0.021934733,0.014087855,0.017776324
Argentina,S.AM,C3,0.455862413,0.142455485,0.078273403,0.104782575,0.110515785,0.130058733,0.064477982,0.110563403,0.016856867,0.009772564,0.015282759,0.02228636,0.021475059,0.016086667,0.020634017
Bolivia,S.AM,C3,0.222773744,0.141549581,0.108485106,0.128128808,0.120219476,0.130088391,0.070185567,0.116699163,0.01548366,0.009299636,0.017851463,0.021658091,0.023493918,0.016721922,0.023049351
Brazil,S.AM,C3,0.374358849,0.157129986,0.091343257,0.109808909,0.122499072,0.132473062,0.065444537,0.115170775,0.018161451,0.009259309,0.016131903,0.022167438,0.022855641,0.013986109,0.022337953
Chile,S.AM,C3,0.347285169,0.145751797,0.101544636,0.12460935,0.120865098,0.126090555,0.064687487,0.116590987,0.015800998,0.008929467,0.016119947,0.021015465,0.021307725,0.015261576,0.021827399
Colombia,S.AM,C3,0.312054907,0.142016455,0.100672134,0.125371166,0.120430948,0.122382988,0.065011259,0.114568875,0.017040737,0.010200732,0.016100045,0.021557588,0.023068602,0.01655814,0.022633759
Costa Rica,C.AM,C3,0.498787831,0.098158579,0.106079438,0.130079339,0.12610655,0.114407129,0.063903453,0.118566177,0.018243284,0.007118715,0.017397594,0.022210356,0.023110964,0.016278563,0.023181773
Cuba,CAR,C3,-1.076684745,0.163121792,0.085336913,0.094577143,0.109464708,0.160516971,0.062873351,0.086762736,0.018850765,0.008189927,0.011195172,0.01575972,0.021893587,0.006463907,0.013017129
Dominican Republic,CAR,C3,0.513774514,0.093257899,0.10987127,0.135245366,0.121395158,0.106288569,0.069067094,0.115924542,0.016398613,0.008649571,0.015841884,0.019402714,0.02627676,0.01641987,0.021683301
Ecuador,S.AM,C3,0.092295351,0.14809892,0.105402613,0.126268904,0.135545333,0.148431029,0.06884697,0.122376736,0.0191158,0.009208899,0.018252413,0.019829344,0.02531957,0.016821662,0.021652432
Egypt,N.AF,C3,-0.732859792,0.164200603,0.110228079,0.122278912,0.120907219,0.168415455,0.064330639,0.113413457,0.020244076,0.012057602,0.018218279,0.022195328,0.025248902,0.015481593,0.018769773
El Salvador,C.AM,C3,0.401484885,0.12688279,0.107887129,0.127600317,0.137826089,0.129199715,0.062532037,0.107707948,0.014535177,0.008917963,0.01582896,0.018711064,0.022850935,0.015566138,0.021570138
Ethiopia,E.AF,C3,-0.345521563,0.157915508,0.107477729,0.125637529,0.125061058,0.162172659,0.069579747,0.109870617,0.020671707,0.009028647,0.017973246,0.020819445,0.021758819,0.015683388,0.019414585
Guatemala,C.AM,C3,0.312266977,0.107933881,0.108628131,0.133694198,0.11536883,0.121048458,0.061866603,0.116081732,0.016686666,0.009571616,0.018193656,0.021872867,0.021397773,0.017944285,0.023272495
Haiti,CAR,C3,0.178942836,0.128315652,0.105019947,0.131667529,0.136758294,0.14172544,0.07066192,0.116328274,0.023688584,0.010961502,0.017069792,0.017626417,0.022050344,0.015776393,0.020224014
Honduras,C.AM,C3,0.445380256,0.118023794,0.103796668,0.13116928,0.12870414,0.10721168,0.065344966,0.109616502,0.014957406,0.009988009,0.014924933,0.019229963,0.024078098,0.015478014,0.022436785
India,S.AS,C3,-0.519366224,0.164022311,0.065892536,0.077071926,0.109910891,0.161159692,0.063566369,0.105250793,0.019839569,0.007037991,0.018538624,0.022167507,0.021393894,0.016677724,0.019445194
Iran,S.AS,C3,-0.53860636,0.161350262,0.114383693,0.123293906,0.116454658,0.171436796,0.068078321,0.136440236,0.019452071,0.011642065,0.0187346,0.020556171,0.024627066,0.016746992,0.024441656
Iraq,W.AS,C3,-0.79906115,0.135448043,0.106549894,0.117135422,0.127372147,0.178297632,0.066900422,0.117614263,0.026519689,0.012598156,0.018633482,0.017764131,0.025790303,0.014985776,0.017784948
Lebanon,W.AS,C3,-0.435586333,0.17247666,0.11254488,0.128925874,0.125894356,0.170550225,0.065612387,0.12035918,0.019720494,0.010560568,0.018952588,0.021568361,0.024589934,0.015472403,0.020312229
Liberia,W.AF,C3,0.11954364,0.103016528,0.123128531,0.126068593,0.113927635,0.143709874,0.066942035,0.13661456,0.022142192,0.014372031,0.019017,0.021298815,0.024523645,0.017954724,0.021435181
Mexico,C.AM,C3,0.007932112,0.157560643,0.110769001,0.129231096,0.136875357,0.158206859,0.066948856,0.120117163,0.019182593,0.011076935,0.019552562,0.022416937,0.024800564,0.016803933,0.021843643
Myanmar,SEA,C3,-0.540743329,0.166827962,0.096100471,0.109872903,0.121368125,0.160309009,0.066669542,0.112387305,0.02243483,0.010640963,0.018228745,0.023551438,0.025744687,0.016768984,0.018505595
Nicaragua,C.AM,C3,0.353262388,0.127190454,0.105802576,0.125590039,0.117381216,0.094724464,0.061127194,0.107980985,0.011595304,0.008414628,0.01354143,0.018918086,0.020766506,0.01662331,0.020783024
Pakistan,S.AS,C3,-0.337763361,0.168464923,0.094746715,0.111401529,0.122678232,0.170708598,0.063661305,0.123532236,0.021311787,0.01079567,0.019614321,0.022333893,0.023629349,0.016071164,0.02259057
Panama,C.AM,C3,0.317573003,0.126071094,0.101904611,0.126598113,0.11631631,0.129324956,0.065237356,0.128609208,0.020533453,0.009339793,0.018091744,0.022141335,0.027996749,0.018150017,0.025903845
Paraguay,S.AM,C3,0.570962458,0.133446639,0.107645119,0.131322176,0.112498268,0.102542815,0.066472645,0.100901224,0.008573741,0.00480477,0.013309112,0.020058078,0.022168714,0.018086876,0.022941161
Peru,S.AM,C3,0.318232166,0.144704168,0.105751066,0.128220701,0.126155182,0.129509637,0.067393494,0.104497296,0.017689021,0.007552058,0.01523644,0.019039386,0.024364876,0.015492076,0.021507141
Philippines,SEA,C3,0.009541262,0.159326483,0.110996771,0.130038494,0.124878105,0.157005108,0.067454313,0.121095243,0.019524765,0.009995004,0.016928141,0.022444604,0.023996428,0.015972887,0.022042411
Saudi Arabia,W.AS,C3,-0.507163008,0.169700659,0.110238698,0.121219667,0.129640779,0.1714314,0.064630735,0.107969083,0.020320452,0.009823476,0.016817251,0.020471914,0.023707299,0.014384443,0.01845986
Syria,W.AS,C3,-1.186509532,0.170139101,0.104443368,0.11705096,0.11186,0.17385318,0.067298024,0.098414804,0.021552733,0.010026913,0.014570478,0.014787982,0.023200097,0.016129129,0.017134817
Thailand,SEA,C3,0.094686988,0.157591585,0.111721803,0.133424797,0.119706631,0.151287479,0.066855241,0.119509032,0.019932698,0.007948136,0.018952669,0.022601031,0.024587084,0.015011818,0.022628416
Uruguay,S.AM,C3,0.415860943,0.122688647,0.103021087,0.123274124,0.121203548,0.130091491,0.061545871,0.125795084,0.015140257,0.011758537,0.016591975,0.021023406,0.02456915,0.016836881,0.023612445
Venezuela,S.AM,C3,0.017181615,0.153013034,0.110956262,0.127370181,0.119155108,0.150885305,0.066093984,0.111964408,0.018120466,0.01079635,0.017541308,0.018551568,0.023515734,0.016595738,0.023133552
Yemen Arab Republic,W.AS,C3,-0.790565165,0.10153025,0.083154512,0.090602677,0.105964342,0.166586198,0.061421679,0.139168307,0.030804674,0.013457043,0.02607882,0.026220508,0.030131542,0.025049989,0.019300081
Yugoslavia,S.EU,C3,-0.554994983,0.129324052,0.077748552,0.097014691,0.090976708,0.151568833,0.063065024,0.114591495,0.02314683,0.00807052,0.020186527,0.022210923,0.021409284,0.017876233,0.013735539
Albania,S.EU,C4,-0.697613665,0.174570266,0.032547334,0.052093448,0.103971943,0.163885466,0.051472607,0.016339296,0.030771112,0.008852632,0.005078766,0.00576095,0.008888324,4.28E-05,0.001310947
Belarus,E.EU,C4,-1.499905022,0.152182558,0.077842933,0.100469934,0.107148876,0.142991299,0.051444851,0.039751018,0.019722012,0.006445134,0.008827261,0.007233862,0.012988909,-0.003109025,0.007784932
Bulgaria,E.EU,C4,-0.798679918,0.155650276,0.054859612,0.083544703,0.083514192,0.13276437,0.045099764,0.029884117,0.021088497,0.006469912,0.01113904,0.007510879,0.011880515,-0.005138143,0.005000161
Czechoslovakia,E.EU,C4,-1.974214311,0.09519619,0.055325173,0.066840263,0.084620327,0.141440508,0.037947473,0.037153651,0.028126684,0.009243594,0.012442617,0.005143944,0.013468954,-0.00564426,0.000645213
Hungary,E.EU,C4,-0.802562574,0.151372547,0.050175925,0.081675697,0.081861283,0.135633353,0.044024224,0.02766049,0.020965867,0.006487247,0.011714402,0.007931011,0.011426607,-0.004529046,0.004019152
Mongolia,E.AS,C4,-1.24251556,0.190113027,0.121316833,0.150486082,0.147599883,0.159109561,0.068819404,0.043654966,0.02194288,0.008028754,0.010307351,0.010499703,0.01694241,-0.004131345,0.01258658
Poland,E.EU,C4,-0.958158161,0.131475688,0.044824449,0.071886787,0.076006998,0.126309976,0.041446862,0.04291153,0.018952162,0.005915997,0.010742291,0.009313873,0.009481423,-0.003894707,0.00320342
Romania,E.EU,C4,-0.459164316,0.150975183,0.067392858,0.099860398,0.0817083,0.134667339,0.05228086,0.054191702,0.022406874,0.007176933,0.015292388,0.020740212,0.017503985,0.007340566,0.009325741
Russia,E.EU,C4,-1.352385484,0.133573487,0.052509889,0.077678245,0.101095082,0.130600365,0.048482501,0.041291579,0.01948575,0.006338684,0.008791004,0.007558463,0.01198239,-0.003807074,0.006680751
Ukraine,E.EU,C4,-1.273784101,0.144801531,0.070451849,0.09181405,0.084025324,0.13225193,0.044995693,0.037659314,0.019609271,0.006580607,0.008946417,0.006843137,0.010214936,-0.004198382,0.006069859
Angola,M.AF,C5,-0.816221534,0.234493526,0.14659448,0.172617367,0.180693891,0.147630663,0.103587975,0.06673231,0.018219953,0.007084931,0.009071888,0.041200057,0.026763646,0.019088347,0.022496445
Bahamas,CAR,C5,0.001422281,0.206052384,0.146635683,0.181412139,0.166571652,0.142305721,0.084889557,0.080806273,0.018192406,0.006020815,0.012118955,0.034467933,0.026260005,0.013543973,0.024722078
Bahrain,W.AS,C5,-0.645370042,0.244682787,0.158620913,0.182516325,0.158209097,0.156628311,0.084638027,0.083163846,0.018925094,0.006479057,0.011921426,0.035567695,0.029374369,0.020638709,0.02542516
Bangladesh,S.AS,C5,-0.634378953,0.261349304,0.161865393,0.194594346,0.148670013,0.151763688,0.089142256,0.080347066,0.017626122,0.005850676,0.010815974,0.036891085,0.027984808,0.015128852,0.022280472
Barbados,CAR,C5,-0.015793548,0.197550968,0.136358359,0.168768548,0.164595536,0.141511413,0.082241262,0.08454756,0.019371084,0.00788306,0.012485232,0.029571549,0.025826289,0.021981809,0.022157151
Bhutan,S.AS,C5,-0.440295815,0.227951518,0.136611654,0.177396488,0.166800983,0.14169846,0.084588076,0.084888029,0.018072428,0.006472819,0.011507262,0.032840566,0.028485644,0.026842362,0.026761219
Botswana,S.AF,C5,-0.122720523,0.210590252,0.13323764,0.162049407,0.168296377,0.153222056,0.079088369,0.069958028,0.009803531,0.002360325,0.015372378,0.027113491,0.023389188,0.013478636,0.026142235
China,E.AS,C5,-0.576973729,0.247826643,0.097644736,0.133172054,0.142560728,0.168690899,0.090266533,0.07732018,0.021697957,0.005225463,0.008472096,0.034187414,0.024560603,0.010677477,0.023545683
Djibouti,E.AF,C5,-0.606864032,0.276228747,0.164634719,0.192172417,0.164635082,0.152945863,0.088699422,0.079627248,0.018295224,0.006020094,0.00918196,0.031094018,0.027446111,0.013642037,0.023540321
Equatorial Guinea,M.AF,C5,-0.305341164,0.147438594,0.113250111,0.148945061,0.169840892,0.153896071,0.12486971,0.09333779,0.022001401,0.007531998,0.013119989,0.039587334,0.028017502,0.016913224,0.016772389
Fiji,MEL,C5,0.14815488,0.164189794,0.151021722,0.189182679,0.131904217,0.127247554,0.084437893,0.086035337,0.017781888,0.006640908,0.011004668,0.034164453,0.026134346,0.020858019,0.022409689
Gambia,W.AF,C5,-0.315592529,0.204982648,0.122604596,0.147249988,0.162942778,0.143456972,0.072410909,0.076517838,0.022111459,0.008510048,0.007308105,0.02588667,0.024144293,0.013491782,0.02367621
Guinea-Bissau,W.AF,C5,-0.594201203,0.23126049,0.156119459,0.188621693,0.16545145,0.158028022,0.108663946,0.080742324,0.019543996,0.006449115,0.007096883,0.034003648,0.027151705,0.014462639,0.020559277
Guyana,S.AM,C5,-0.421333265,0.216976192,0.139175423,0.16883035,0.163058194,0.165319961,0.084850158,0.091522885,0.020229094,0.007810769,0.012201506,0.030149223,0.028366737,0.021167498,0.022324505
Lesotho,S.AF,C5,-0.10763212,0.172791995,0.151468469,0.194517177,0.148117912,0.139063894,0.093344645,0.082238516,0.010518055,0.002996859,0.011244384,0.028319331,0.031534962,0.017959957,0.023590691
Malawi,E.AF,C5,0.316386573,0.130117582,0.121819619,0.156559604,0.12989084,0.098424645,0.07861122,0.085999472,0.005173228,0.002611729,0.010596221,0.029879072,0.024695008,0.023763889,0.021154719
Maldives,S.AS,C5,-0.380762875,0.235526434,0.148064879,0.176093213,0.157004636,0.155713499,0.080248143,0.094106594,0.020068902,0.008233802,0.012468309,0.033935401,0.030846316,0.013594157,0.026301091
Malta,S.EU,C5,0.493366163,0.198237932,0.10834868,0.145399103,0.100158675,0.114196785,0.064797612,0.074643582,0.013295745,0.005457373,0.00815794,0.030250955,0.021884087,0.021264631,0.016719369
Mozambique,E.AF,C5,-0.772538031,0.261163239,0.163589017,0.193865596,0.169803618,0.158413991,0.09198745,0.073009443,0.018839455,0.006966537,0.008830105,0.031326736,0.028780562,0.012847369,0.023974649
Oman,W.AS,C5,-0.684405598,0.245451984,0.157720948,0.18165462,0.148613885,0.160006074,0.087855265,0.083009108,0.018879856,0.006307887,0.011290713,0.035455018,0.028573269,0.021063592,0.024858268
Papua New Guinea,MEL,C5,0.005393607,0.166510216,0.161039391,0.198777113,0.153240062,0.13324209,0.087445768,0.07755519,0.016815981,0.007187532,0.00993213,0.035425214,0.030608479,0.014920949,0.023272599
Qatar,W.AS,C5,-0.72423523,0.245861606,0.157516515,0.183593803,0.153177372,0.154303094,0.086405818,0.084633734,0.018336931,0.006284415,0.011667312,0.03547689,0.029535987,0.022906291,0.026666106
Samoa,POL,C5,0.289809186,0.182468543,0.14943728,0.180484857,0.14455537,0.1276883,0.082524586,0.078011326,0.014838531,0.00687217,0.008976243,0.034507087,0.023918489,0.011218201,0.022573549
Suriname,S.AM,C5,-0.361681335,0.234828403,0.159221423,0.188053797,0.178350922,0.131330655,0.098414182,0.076161714,0.017887956,0.006529112,0.009757048,0.041558758,0.033070527,0.01793992,0.02323836
Swaziland,S.AF,C5,-0.0113089,0.17974343,0.150594112,0.182489141,0.139425643,0.142637055,0.09057537,0.08689415,0.010944902,0.002846914,0.012581991,0.031804113,0.028943621,0.023482768,0.023857312
United Arab Emirates,W.AS,C5,-0.669137023,0.243276958,0.156812778,0.178496453,0.160613768,0.156689006,0.085721219,0.090888431,0.019668356,0.006507498,0.012084558,0.035187492,0.030666573,0.027920331,0.025623063
Antigua & Barbuda,CAR,C6,-0.304366037,0.233841538,0.166370462,0.208341934,0.177121315,0.143731068,0.091368105,0.05097607,0.016345287,0.00638615,0.006620828,0.019757003,0.023020598,0.004401654,0.019115281
Belize,C.AM,C6,-0.209897774,0.264180447,0.153208256,0.189287733,0.191367991,0.156993841,0.082438994,0.045264228,0.014217755,0.006402876,0.00458437,0.018910851,0.019683299,0.004094671,0.017469216
Cape Verde,W.AF,C6,-0.59587681,0.246193757,0.152708746,0.184056594,0.176069143,0.148707362,0.092866452,0.065309436,0.019548966,0.006485606,0.006718812,0.034942837,0.0263105,0.007564526,0.018950259
Comoros,E.AF,C6,-0.562895968,0.27823634,0.144353758,0.164672412,0.185369395,0.14195816,0.087415751,0.072400045,0.022143749,0.009760717,0.009974885,0.033171554,0.023338866,0.009916513,0.02015306
Grenada,CAR,C6,-0.155954549,0.186170838,0.147774064,0.180993617,0.177515943,0.160747607,0.082338029,0.069444666,0.018900973,0.008249581,0.006568905,0.027283525,0.023373329,0.012897583,0.020503331
Seychelles,E.AF,C6,-0.751724406,0.212467372,0.166498293,0.19526294,0.143106572,0.120983198,0.158415556,0.055884808,0.021374828,0.006484153,0.006605716,0.039269494,0.021925832,0.000865217,0.0274437
Solomon Islands,MEL,C6,0.066457302,0.200587156,0.150517393,0.194819348,0.197739295,0.14087277,0.078217583,0.065578812,0.01977251,0.005117565,0.005627433,0.021740085,0.023228181,0.006158364,0.031746326
St. Lucia,CAR,C6,-0.298451282,0.238077881,0.160508249,0.206112827,0.160908938,0.153969235,0.087156095,0.06601535,0.015707553,0.005590011,0.006991104,0.022790808,0.024992078,0.005598395,0.021919313
St. Vincent and the Grenadines,CAR,C6,-0.16427797,0.214025433,0.174433866,0.221370046,0.169376252,0.12930919,0.100922368,0.059398462,0.020519462,0.00662877,0.007984692,0.022109156,0.02415204,0.003262355,0.022822431
Turkey,W.AS,C6,0.799086096,0.159281539,0.035123541,0.05992091,0.092132582,0.11058818,0.047832284,0.099755781,0.016449619,0.009217544,0.01441142,0.012195331,0.015170186,0.014691888,0.014780865
Vietnam,SEA,C6,-1.436657459,0.279671542,0.160571139,0.166880335,0.147145426,0.160223953,0.093658766,0.062570634,0.017769414,0.006899973,0.006944598,0.024758616,0.023414618,0.002868107,0.020911133
Zimbabwe,E.AF,C6,-0.912724126,0.286575931,0.157284306,0.192253387,0.154213544,0.15931851,0.092167347,0.056199166,0.017095875,0.005888874,0.008391772,0.024808302,0.024699496,0.005584702,0.020843256
